<manifest><control namespace="PowerCAT" constructor="CommandBar" version="0.0.20" display-name-key="CommandBar" description-key="CommandBar_Desc" control-type="virtual" api-version="1.3.4"><property name="Theme" display-name-key="Theme" of-type="Multiple" usage="input" required="false" /><property name="AccessibilityLabel" display-name-key="AccessibilityLabel" of-type="SingleLine.Text" usage="input" required="false" /><property name="InputEvent" display-name-key="InputEvent" of-type="SingleLine.Text" usage="input" /><data-set name="items" display-name-key="Items"><property-set name="ItemDisplayName" display-name-key="Display Name" of-type="SingleLine.Text" usage="bound" required="true" /><property-set name="ItemKey" display-name-key="Key" of-type="SingleLine.Text" usage="bound" required="true" /><property-set name="ItemEnabled" display-name-key="Enabled" of-type="TwoOptions" usage="bound" required="false" /><property-set name="ItemVisible" display-name-key="Visible" of-type="TwoOptions" usage="bound" required="false" /><property-set name="ItemChecked" display-name-key="ItemChecked" of-type="TwoOptions" usage="bound" required="false" /><property-set name="ItemSplit" display-name-key="ItemSplit" of-type="TwoOptions" usage="bound" required="false" /><property-set name="ItemIconName" display-name-key="IconName" of-type="SingleLine.Text" usage="bound" required="false" /><property-set name="ItemIconColor" display-name-key="IconColor" of-type="SingleLine.Text" usage="bound" required="false" /><property-set name="ItemIconOnly" display-name-key="IconOnly" of-type="TwoOptions" usage="bound" required="false" /><property-set name="ItemOverflow" display-name-key="Overflow" of-type="TwoOptions" usage="bound" required="false" /><property-set name="ItemFarItem" display-name-key="FarItem" of-type="TwoOptions" usage="bound" required="false" /><property-set name="ItemParentKey" display-name-key="ParentKey" of-type="SingleLine.Text" usage="bound" required="false" /></data-set><resources><code path="bundle.js" order="1" /><resx path="strings/CommandBar.1033.resx" version="1.0.0" /><css path="css/CommandBar.css" order="1" /><platform-library name="React" version="16.8.6" /><platform-library name="Fluent" version="8.29.0" /></resources><built-by name="pac" version="1.14.2" /></control></manifest>