<manifest><control namespace="PowerCAT" constructor="Breadcrumb" version="0.0.20" display-name-key="Breadcrumb" description-key="Breadcrumb_Desc" control-type="virtual" api-version="1.3.4"><property name="Theme" display-name-key="Theme" of-type="Multiple" usage="input" required="false" /><property name="AccessibilityLabel" display-name-key="AccessibilityLabel" of-type="SingleLine.Text" usage="input" required="false" /><property name="MaxDisplayedItems" display-name-key="MaxDisplayedItems" of-type="Whole.None" usage="input" required="false" /><property name="OverflowIndex" display-name-key="OverflowIndex" of-type="Whole.None" usage="input" required="false" /><property name="InputEvent" display-name-key="InputEvent" of-type="SingleLine.Text" usage="input" /><data-set name="items" display-name-key="Items"><property-set name="ItemDisplayName" display-name-key="Display Name" of-type="SingleLine.Text" usage="bound" required="true" /><property-set name="ItemKey" display-name-key="Key" of-type="SingleLine.Text" usage="bound" required="true" /><property-set name="ItemClickable" display-name-key="ItemClickable" of-type="TwoOptions" usage="bound" required="false" /></data-set><resources><code path="bundle.js" order="1" /><resx path="strings/Breadcrumb.1033.resx" version="1.0.0" /><platform-library name="React" version="16.8.6" /><platform-library name="Fluent" version="8.29.0" /></resources><built-by name="pac" version="1.14.2" /></control></manifest>