﻿<?xml version="1.0" encoding="utf-8"?>
<ImportExportXml xmlns:xsi="http://www.w3.org/2001/XMLSchema-instance">
  <Entities />
  <Roles />
  <Workflows />
  <FieldSecurityProfiles />
  <Templates />
  <EntityMaps />
  <EntityRelationships />
  <OrganizationSettings />
  <optionsets />
  <CustomControls>
    <CustomControl>
      <Name>cat_PowerCAT.AutoWidthLabel</Name>
      <FileName>/Controls/cat_PowerCAT.AutoWidthLabel/ControlManifest.xml</FileName>
    </CustomControl>
    <CustomControl>
      <Name>cat_PowerCAT.Breadcrumb</Name>
      <FileName>/Controls/cat_PowerCAT.Breadcrumb/ControlManifest.xml</FileName>
    </CustomControl>
    <CustomControl>
      <Name>cat_PowerCAT.CommandBar</Name>
      <FileName>/Controls/cat_PowerCAT.CommandBar/ControlManifest.xml</FileName>
    </CustomControl>
    <CustomControl>
      <Name>cat_PowerCAT.ContextMenu</Name>
      <FileName>/Controls/cat_PowerCAT.ContextMenu/ControlManifest.xml</FileName>
    </CustomControl>
    <CustomControl>
      <Name>cat_PowerCAT.Elevation</Name>
      <FileName>/Controls/cat_PowerCAT.Elevation/ControlManifest.xml</FileName>
    </CustomControl>
    <CustomControl>
      <Name>cat_PowerCAT.FluentDetailsList</Name>
      <FileName>/Controls/cat_PowerCAT.FluentDetailsList/ControlManifest.xml</FileName>
    </CustomControl>
    <CustomControl>
      <Name>cat_PowerCAT.Icon</Name>
      <FileName>/Controls/cat_PowerCAT.Icon/ControlManifest.xml</FileName>
    </CustomControl>
    <CustomControl>
      <Name>cat_PowerCAT.KeyboardShortcuts</Name>
      <FileName>/Controls/cat_PowerCAT.KeyboardShortcuts/ControlManifest.xml</FileName>
    </CustomControl>
    <CustomControl>
      <Name>cat_PowerCAT.Nav</Name>
      <FileName>/Controls/cat_PowerCAT.Nav/ControlManifest.xml</FileName>
    </CustomControl>
    <CustomControl>
      <Name>cat_PowerCAT.Picker</Name>
      <FileName>/Controls/cat_PowerCAT.Picker/ControlManifest.xml</FileName>
    </CustomControl>
    <CustomControl>
      <Name>cat_PowerCAT.Pivot</Name>
      <FileName>/Controls/cat_PowerCAT.Pivot/ControlManifest.xml</FileName>
    </CustomControl>
    <CustomControl>
      <Name>cat_PowerCAT.ResizableTextarea</Name>
      <FileName>/Controls/cat_PowerCAT.ResizableTextarea/ControlManifest.xml</FileName>
    </CustomControl>
    <CustomControl>
      <Name>cat_PowerCAT.TagList</Name>
      <FileName>/Controls/cat_PowerCAT.TagList/ControlManifest.xml</FileName>
    </CustomControl>
    <CustomControl>
      <Name>cat_PowerCAT.ThemeDesigner</Name>
      <FileName>/Controls/cat_PowerCAT.ThemeDesigner/ControlManifest.xml</FileName>
    </CustomControl>
  </CustomControls>
  <EntityDataProviders />
  <CanvasApps>
    <CanvasApp>
      <Name>cat_canvastemplate_f8d10</Name>
      <AppVersion>2022-06-04T02:57:50Z</AppVersion>
      <Status>Ready</Status>
      <CreatedByClientVersion>3.22053.15.0</CreatedByClientVersion>
      <MinClientVersion>3.22053.15.0</MinClientVersion>
      <Tags>{"primaryDeviceWidth":"1920","primaryDeviceHeight":"1080","sienaVersion":"20220604T025643Z-3.22053.15.0","deviceCapabilities":"","supportsPortrait":"false","supportsLandscape":"true","primaryFormFactor":"Tablet","publisherVersion":"3.22053.15","minimumRequiredApiVersion":"2.2.0","hasComponent":"true","hasUnlockedComponent":"false","isUnifiedRootApp":"false"}</Tags>
      <IsCdsUpgraded>0</IsCdsUpgraded>
      <GalleryItemId xsi:nil="true"></GalleryItemId>
      <BackgroundColor>rgba(0, 120, 212, 1)</BackgroundColor>
      <DisplayName>Canvas Template</DisplayName>
      <Description xsi:nil="true"></Description>
      <CommitMessage xsi:nil="true"></CommitMessage>
      <Publisher></Publisher>
      <AuthorizationReferences>[]</AuthorizationReferences>
      <ConnectionReferences>{}</ConnectionReferences>
      <DatabaseReferences>{"default.cds":{"databaseDetails":{"referenceType":"Environmental","environmentName":"default.cds","overrideValues":{"status":"NotSpecified"}},"dataSources":{"Accounts":{"entitySetName":"accounts","logicalName":"account"},"Contacts":{"entitySetName":"contacts","logicalName":"contact"},"Currencies":{"entitySetName":"transactioncurrencies","logicalName":"transactioncurrency"}},"components":[{"componentName":"CustomControl","identifier":"cat_PowerCAT.Breadcrumb","identifierType":"LogicalName","capabilities":{"pcfExternalServiceUsageAllowed":false}},{"componentName":"CustomControl","identifier":"cat_PowerCAT.FluentDetailsList","identifierType":"LogicalName","capabilities":{"pcfExternalServiceUsageAllowed":false}},{"componentName":"CustomControl","identifier":"cat_PowerCAT.Elevation","identifierType":"LogicalName","capabilities":{"pcfExternalServiceUsageAllowed":false}},{"componentName":"CustomControl","identifier":"cat_PowerCAT.Picker","identifierType":"LogicalName","capabilities":{"pcfExternalServiceUsageAllowed":false}},{"componentName":"CustomControl","identifier":"cat_PowerCAT.Elevation","identifierType":"LogicalName","capabilities":{"pcfExternalServiceUsageAllowed":false}},{"componentName":"CustomControl","identifier":"cat_PowerCAT.Pivot","identifierType":"LogicalName","capabilities":{"pcfExternalServiceUsageAllowed":false}},{"componentName":"CustomControl","identifier":"cat_PowerCAT.Elevation","identifierType":"LogicalName","capabilities":{"pcfExternalServiceUsageAllowed":false}},{"componentName":"CustomControl","identifier":"cat_PowerCAT.CommandBar","identifierType":"LogicalName","capabilities":{"pcfExternalServiceUsageAllowed":false}},{"componentName":"CustomControl","identifier":"cat_PowerCAT.Elevation","identifierType":"LogicalName","capabilities":{"pcfExternalServiceUsageAllowed":false}},{"componentName":"CustomControl","identifier":"cat_PowerCAT.ContextMenu","identifierType":"LogicalName","capabilities":{"pcfExternalServiceUsageAllowed":false}},{"componentName":"CustomControl","identifier":"cat_PowerCAT.Icon","identifierType":"LogicalName","capabilities":{"pcfExternalServiceUsageAllowed":false}},{"componentName":"CustomControl","identifier":"cat_PowerCAT.Icon","identifierType":"LogicalName","capabilities":{"pcfExternalServiceUsageAllowed":false}},{"componentName":"CustomControl","identifier":"cat_PowerCAT.Nav","identifierType":"LogicalName","capabilities":{"pcfExternalServiceUsageAllowed":false}}]}}</DatabaseReferences>
      <AppComponents>[]</AppComponents>
      <AppComponentDependencies>[{"appComponentName":"44e7951b1fad4ad98126f8c108dd1e9f","appName":"d2df97d8-8243-4901-ae3e-75fbb4a2a644","appComponentLibraryName":"81e5e6a9-c44c-4745-94af-8b1fdb4ee232","appComponentLibraryVersion":"2022-06-04T02:48:15Z","appComponentLibraryLogicalName":"cat_powercatcomponentlibrary_0be3a","environmentName":"439a778f-f966-4fad-b85c-706b1c34dcfa"},{"appComponentName":"45ef3b58cba141ccb72325a8844e9634","appName":"d2df97d8-8243-4901-ae3e-75fbb4a2a644","appComponentLibraryName":"81e5e6a9-c44c-4745-94af-8b1fdb4ee232","appComponentLibraryVersion":"2022-06-04T02:48:15Z","appComponentLibraryLogicalName":"cat_powercatcomponentlibrary_0be3a","environmentName":"439a778f-f966-4fad-b85c-706b1c34dcfa"},{"appComponentName":"174a744e6baa47b4857cec5814d6422e","appName":"d2df97d8-8243-4901-ae3e-75fbb4a2a644","appComponentLibraryName":"81e5e6a9-c44c-4745-94af-8b1fdb4ee232","appComponentLibraryVersion":"2022-06-04T02:48:15Z","appComponentLibraryLogicalName":"cat_powercatcomponentlibrary_0be3a","environmentName":"439a778f-f966-4fad-b85c-706b1c34dcfa"},{"appComponentName":"2e88179d732a402184a767c94eab038b","appName":"d2df97d8-8243-4901-ae3e-75fbb4a2a644","appComponentLibraryName":"81e5e6a9-c44c-4745-94af-8b1fdb4ee232","appComponentLibraryVersion":"2022-06-04T02:48:15Z","appComponentLibraryLogicalName":"cat_powercatcomponentlibrary_0be3a","environmentName":"439a778f-f966-4fad-b85c-706b1c34dcfa"},{"appComponentName":"33750a84e06043cbb776fbb640114aaf","appName":"d2df97d8-8243-4901-ae3e-75fbb4a2a644","appComponentLibraryName":"81e5e6a9-c44c-4745-94af-8b1fdb4ee232","appComponentLibraryVersion":"2022-06-04T02:48:15Z","appComponentLibraryLogicalName":"cat_powercatcomponentlibrary_0be3a","environmentName":"439a778f-f966-4fad-b85c-706b1c34dcfa"},{"appComponentName":"599bd02396dc426681a20784c48547f9","appName":"d2df97d8-8243-4901-ae3e-75fbb4a2a644","appComponentLibraryName":"81e5e6a9-c44c-4745-94af-8b1fdb4ee232","appComponentLibraryVersion":"2022-06-04T02:48:15Z","appComponentLibraryLogicalName":"cat_powercatcomponentlibrary_0be3a","environmentName":"439a778f-f966-4fad-b85c-706b1c34dcfa"},{"appComponentName":"6da4b2f929d240969e49e05e10e720ce","appName":"d2df97d8-8243-4901-ae3e-75fbb4a2a644","appComponentLibraryName":"81e5e6a9-c44c-4745-94af-8b1fdb4ee232","appComponentLibraryVersion":"2022-06-04T02:48:15Z","appComponentLibraryLogicalName":"cat_powercatcomponentlibrary_0be3a","environmentName":"439a778f-f966-4fad-b85c-706b1c34dcfa"},{"appComponentName":"952d39d80fc84420b772a5058b19d909","appName":"d2df97d8-8243-4901-ae3e-75fbb4a2a644","appComponentLibraryName":"81e5e6a9-c44c-4745-94af-8b1fdb4ee232","appComponentLibraryVersion":"2022-06-04T02:48:15Z","appComponentLibraryLogicalName":"cat_powercatcomponentlibrary_0be3a","environmentName":"439a778f-f966-4fad-b85c-706b1c34dcfa"}]</AppComponentDependencies>
      <CanConsumeAppPass>1</CanConsumeAppPass>
      <CanvasAppType>0</CanvasAppType>
      <BypassConsent>0</BypassConsent>
      <AdminControlBypassConsent>0</AdminControlBypassConsent>
      <EmbeddedApp xsi:nil="true"></EmbeddedApp>
      <IntroducedVersion>1.0</IntroducedVersion>
      <CdsDependencies>{"cdsdependencies":[{"logicalname":"account","componenttype":1},{"logicalname":"contact","componenttype":1},{"logicalname":"transactioncurrency","componenttype":1},{"dependencyid":"","logicalname":"cat_PowerCAT.Breadcrumb","componenttype":66,"componenttypeplatformname":"CustomControl"},{"dependencyid":"","logicalname":"cat_PowerCAT.FluentDetailsList","componenttype":66,"componenttypeplatformname":"CustomControl"},{"dependencyid":"","logicalname":"cat_PowerCAT.Elevation","componenttype":66,"componenttypeplatformname":"CustomControl"},{"dependencyid":"","logicalname":"cat_PowerCAT.Picker","componenttype":66,"componenttypeplatformname":"CustomControl"},{"dependencyid":"","logicalname":"cat_PowerCAT.Elevation","componenttype":66,"componenttypeplatformname":"CustomControl"},{"dependencyid":"","logicalname":"cat_PowerCAT.Pivot","componenttype":66,"componenttypeplatformname":"CustomControl"},{"dependencyid":"","logicalname":"cat_PowerCAT.Elevation","componenttype":66,"componenttypeplatformname":"CustomControl"},{"dependencyid":"","logicalname":"cat_PowerCAT.CommandBar","componenttype":66,"componenttypeplatformname":"CustomControl"},{"dependencyid":"","logicalname":"cat_PowerCAT.Elevation","componenttype":66,"componenttypeplatformname":"CustomControl"},{"dependencyid":"","logicalname":"cat_PowerCAT.ContextMenu","componenttype":66,"componenttypeplatformname":"CustomControl"},{"dependencyid":"","logicalname":"cat_PowerCAT.Icon","componenttype":66,"componenttypeplatformname":"CustomControl"},{"dependencyid":"","logicalname":"cat_PowerCAT.Icon","componenttype":66,"componenttypeplatformname":"CustomControl"},{"dependencyid":"","logicalname":"cat_PowerCAT.Nav","componenttype":66,"componenttypeplatformname":"CustomControl"},{"logicalname":"cat_powercatcomponentlibrary_0be3a","componenttype":300,"componenttypeplatformname":"CanvasApp"}]}</CdsDependencies>
      <IsCustomizable>1</IsCustomizable>
      <BackgroundImageUri>/CanvasApps/cat_canvastemplate_f8d10_BackgroundImageUri</BackgroundImageUri>
      <DocumentUri>/CanvasApps/cat_canvastemplate_f8d10_DocumentUri.msapp</DocumentUri>
    </CanvasApp>
    <CanvasApp>
      <Name>cat_creatorkitcontrolreferenceapp_d66f8</Name>
      <AppVersion>2022-06-04T02:50:38Z</AppVersion>
      <Status>Ready</Status>
      <CreatedByClientVersion>3.22053.15.0</CreatedByClientVersion>
      <MinClientVersion>3.22053.15.0</MinClientVersion>
      <Tags>{"primaryDeviceWidth":"1366","primaryDeviceHeight":"768","sienaVersion":"20220514T021227Z-3.22044.32.0","deviceCapabilities":"","supportsPortrait":"true","supportsLandscape":"true","primaryFormFactor":"Tablet","publisherVersion":"3.22053.15","minimumRequiredApiVersion":"2.2.0","hasComponent":"true","hasUnlockedComponent":"true","isUnifiedRootApp":"false"}</Tags>
      <IsCdsUpgraded>0</IsCdsUpgraded>
      <GalleryItemId xsi:nil="true"></GalleryItemId>
      <BackgroundColor>rgba(0, 120, 212, 1)</BackgroundColor>
      <DisplayName>Creator Kit Reference App</DisplayName>
      <Description xsi:nil="true"></Description>
      <CommitMessage xsi:nil="true"></CommitMessage>
      <Publisher xsi:nil="true"></Publisher>
      <AuthorizationReferences>[]</AuthorizationReferences>
      <ConnectionReferences>{}</ConnectionReferences>
      <DatabaseReferences>{"default.cds":{"databaseDetails":{"referenceType":"Environmental","environmentName":"default.cds","overrideValues":{"status":"NotSpecified"}},"dataSources":{"Accounts":{"entitySetName":"accounts","logicalName":"account"},"Contacts":{"entitySetName":"contacts","logicalName":"contact"},"Organizations":{"entitySetName":"organizations","logicalName":"organization"}},"components":[{"componentName":"CustomControl","identifier":"cat_PowerCAT.Pivot","identifierType":"LogicalName","capabilities":{"pcfExternalServiceUsageAllowed":false}},{"componentName":"CustomControl","identifier":"cat_PowerCAT.CommandBar","identifierType":"LogicalName","capabilities":{"pcfExternalServiceUsageAllowed":false}},{"componentName":"CustomControl","identifier":"cat_PowerCAT.Pivot","identifierType":"LogicalName","capabilities":{"pcfExternalServiceUsageAllowed":false}},{"componentName":"CustomControl","identifier":"cat_PowerCAT.CommandBar","identifierType":"LogicalName","capabilities":{"pcfExternalServiceUsageAllowed":false}},{"componentName":"CustomControl","identifier":"cat_PowerCAT.Pivot","identifierType":"LogicalName","capabilities":{"pcfExternalServiceUsageAllowed":false}},{"componentName":"CustomControl","identifier":"cat_PowerCAT.CommandBar","identifierType":"LogicalName","capabilities":{"pcfExternalServiceUsageAllowed":false}},{"componentName":"CustomControl","identifier":"cat_PowerCAT.Elevation","identifierType":"LogicalName","capabilities":{"pcfExternalServiceUsageAllowed":false}},{"componentName":"CustomControl","identifier":"cat_PowerCAT.Elevation","identifierType":"LogicalName","capabilities":{"pcfExternalServiceUsageAllowed":false}},{"componentName":"CustomControl","identifier":"cat_PowerCAT.Icon","identifierType":"LogicalName","capabilities":{"pcfExternalServiceUsageAllowed":false}},{"componentName":"CustomControl","identifier":"cat_PowerCAT.Icon","identifierType":"LogicalName","capabilities":{"pcfExternalServiceUsageAllowed":false}},{"componentName":"CustomControl","identifier":"cat_PowerCAT.Nav","identifierType":"LogicalName","capabilities":{"pcfExternalServiceUsageAllowed":false}},{"componentName":"CustomControl","identifier":"cat_PowerCAT.Elevation","identifierType":"LogicalName","capabilities":{"pcfExternalServiceUsageAllowed":false}},{"componentName":"CustomControl","identifier":"cat_PowerCAT.Pivot","identifierType":"LogicalName","capabilities":{"pcfExternalServiceUsageAllowed":false}},{"componentName":"CustomControl","identifier":"cat_PowerCAT.Pivot","identifierType":"LogicalName","capabilities":{"pcfExternalServiceUsageAllowed":false}},{"componentName":"CustomControl","identifier":"cat_PowerCAT.Pivot","identifierType":"LogicalName","capabilities":{"pcfExternalServiceUsageAllowed":false}},{"componentName":"CustomControl","identifier":"cat_PowerCAT.Pivot","identifierType":"LogicalName","capabilities":{"pcfExternalServiceUsageAllowed":false}},{"componentName":"CustomControl","identifier":"cat_PowerCAT.Pivot","identifierType":"LogicalName","capabilities":{"pcfExternalServiceUsageAllowed":false}},{"componentName":"CustomControl","identifier":"cat_PowerCAT.Elevation","identifierType":"LogicalName","capabilities":{"pcfExternalServiceUsageAllowed":false}},{"componentName":"CustomControl","identifier":"cat_PowerCAT.FluentDetailsList","identifierType":"LogicalName","capabilities":{"pcfExternalServiceUsageAllowed":false}},{"componentName":"CustomControl","identifier":"cat_PowerCAT.Pivot","identifierType":"LogicalName","capabilities":{"pcfExternalServiceUsageAllowed":false}},{"componentName":"CustomControl","identifier":"cat_PowerCAT.Pivot","identifierType":"LogicalName","capabilities":{"pcfExternalServiceUsageAllowed":false}},{"componentName":"CustomControl","identifier":"cat_PowerCAT.CommandBar","identifierType":"LogicalName","capabilities":{"pcfExternalServiceUsageAllowed":false}},{"componentName":"CustomControl","identifier":"cat_PowerCAT.Pivot","identifierType":"LogicalName","capabilities":{"pcfExternalServiceUsageAllowed":false}},{"componentName":"CustomControl","identifier":"cat_PowerCAT.ResizableTextarea","identifierType":"LogicalName","capabilities":{"pcfExternalServiceUsageAllowed":false}},{"componentName":"CustomControl","identifier":"cat_PowerCAT.Pivot","identifierType":"LogicalName","capabilities":{"pcfExternalServiceUsageAllowed":false}},{"componentName":"CustomControl","identifier":"cat_PowerCAT.ResizableTextarea","identifierType":"LogicalName","capabilities":{"pcfExternalServiceUsageAllowed":false}},{"componentName":"CustomControl","identifier":"cat_PowerCAT.ResizableTextarea","identifierType":"LogicalName","capabilities":{"pcfExternalServiceUsageAllowed":false}},{"componentName":"CustomControl","identifier":"cat_PowerCAT.Pivot","identifierType":"LogicalName","capabilities":{"pcfExternalServiceUsageAllowed":false}},{"componentName":"CustomControl","identifier":"cat_PowerCAT.AutoWidthLabel","identifierType":"LogicalName","capabilities":{"pcfExternalServiceUsageAllowed":false}},{"componentName":"CustomControl","identifier":"cat_PowerCAT.Icon","identifierType":"LogicalName","capabilities":{"pcfExternalServiceUsageAllowed":false}},{"componentName":"CustomControl","identifier":"cat_PowerCAT.Pivot","identifierType":"LogicalName","capabilities":{"pcfExternalServiceUsageAllowed":false}},{"componentName":"CustomControl","identifier":"cat_PowerCAT.Icon","identifierType":"LogicalName","capabilities":{"pcfExternalServiceUsageAllowed":false}},{"componentName":"CustomControl","identifier":"cat_PowerCAT.Icon","identifierType":"LogicalName","capabilities":{"pcfExternalServiceUsageAllowed":false}},{"componentName":"CustomControl","identifier":"cat_PowerCAT.Icon","identifierType":"LogicalName","capabilities":{"pcfExternalServiceUsageAllowed":false}},{"componentName":"CustomControl","identifier":"cat_PowerCAT.FluentDetailsList","identifierType":"LogicalName","capabilities":{"pcfExternalServiceUsageAllowed":false}},{"componentName":"CustomControl","identifier":"cat_PowerCAT.Pivot","identifierType":"LogicalName","capabilities":{"pcfExternalServiceUsageAllowed":false}},{"componentName":"CustomControl","identifier":"cat_PowerCAT.Icon","identifierType":"LogicalName","capabilities":{"pcfExternalServiceUsageAllowed":false}},{"componentName":"CustomControl","identifier":"cat_PowerCAT.Icon","identifierType":"LogicalName","capabilities":{"pcfExternalServiceUsageAllowed":false}},{"componentName":"CustomControl","identifier":"cat_PowerCAT.Icon","identifierType":"LogicalName","capabilities":{"pcfExternalServiceUsageAllowed":false}},{"componentName":"CustomControl","identifier":"cat_PowerCAT.Icon","identifierType":"LogicalName","capabilities":{"pcfExternalServiceUsageAllowed":false}},{"componentName":"CustomControl","identifier":"cat_PowerCAT.Pivot","identifierType":"LogicalName","capabilities":{"pcfExternalServiceUsageAllowed":false}},{"componentName":"CustomControl","identifier":"cat_PowerCAT.Nav","identifierType":"LogicalName","capabilities":{"pcfExternalServiceUsageAllowed":false}},{"componentName":"CustomControl","identifier":"cat_PowerCAT.Pivot","identifierType":"LogicalName","capabilities":{"pcfExternalServiceUsageAllowed":false}},{"componentName":"CustomControl","identifier":"cat_PowerCAT.ContextMenu","identifierType":"LogicalName","capabilities":{"pcfExternalServiceUsageAllowed":false}},{"componentName":"CustomControl","identifier":"cat_PowerCAT.ContextMenu","identifierType":"LogicalName","capabilities":{"pcfExternalServiceUsageAllowed":false}},{"componentName":"CustomControl","identifier":"cat_PowerCAT.Pivot","identifierType":"LogicalName","capabilities":{"pcfExternalServiceUsageAllowed":false}},{"componentName":"CustomControl","identifier":"cat_PowerCAT.Elevation","identifierType":"LogicalName","capabilities":{"pcfExternalServiceUsageAllowed":false}},{"componentName":"CustomControl","identifier":"cat_PowerCAT.Pivot","identifierType":"LogicalName","capabilities":{"pcfExternalServiceUsageAllowed":false}},{"componentName":"CustomControl","identifier":"cat_PowerCAT.Elevation","identifierType":"LogicalName","capabilities":{"pcfExternalServiceUsageAllowed":false}},{"componentName":"CustomControl","identifier":"cat_PowerCAT.Icon","identifierType":"LogicalName","capabilities":{"pcfExternalServiceUsageAllowed":false}},{"componentName":"CustomControl","identifier":"cat_PowerCAT.Elevation","identifierType":"LogicalName","capabilities":{"pcfExternalServiceUsageAllowed":false}},{"componentName":"CustomControl","identifier":"cat_PowerCAT.AutoWidthLabel","identifierType":"LogicalName","capabilities":{"pcfExternalServiceUsageAllowed":false}},{"componentName":"CustomControl","identifier":"cat_PowerCAT.Pivot","identifierType":"LogicalName","capabilities":{"pcfExternalServiceUsageAllowed":false}},{"componentName":"CustomControl","identifier":"cat_PowerCAT.Elevation","identifierType":"LogicalName","capabilities":{"pcfExternalServiceUsageAllowed":false}},{"componentName":"CustomControl","identifier":"cat_PowerCAT.CommandBar","identifierType":"LogicalName","capabilities":{"pcfExternalServiceUsageAllowed":false}},{"componentName":"CustomControl","identifier":"cat_PowerCAT.Pivot","identifierType":"LogicalName","capabilities":{"pcfExternalServiceUsageAllowed":false}},{"componentName":"CustomControl","identifier":"cat_PowerCAT.Icon","identifierType":"LogicalName","capabilities":{"pcfExternalServiceUsageAllowed":false}},{"componentName":"CustomControl","identifier":"cat_PowerCAT.FluentDetailsList","identifierType":"LogicalName","capabilities":{"pcfExternalServiceUsageAllowed":false}},{"componentName":"CustomControl","identifier":"cat_PowerCAT.Pivot","identifierType":"LogicalName","capabilities":{"pcfExternalServiceUsageAllowed":false}},{"componentName":"CustomControl","identifier":"cat_PowerCAT.Elevation","identifierType":"LogicalName","capabilities":{"pcfExternalServiceUsageAllowed":false}},{"componentName":"CustomControl","identifier":"cat_PowerCAT.Picker","identifierType":"LogicalName","capabilities":{"pcfExternalServiceUsageAllowed":false}},{"componentName":"CustomControl","identifier":"cat_PowerCAT.CommandBar","identifierType":"LogicalName","capabilities":{"pcfExternalServiceUsageAllowed":false}},{"componentName":"CustomControl","identifier":"cat_PowerCAT.FluentDetailsList","identifierType":"LogicalName","capabilities":{"pcfExternalServiceUsageAllowed":false}},{"componentName":"CustomControl","identifier":"cat_PowerCAT.Pivot","identifierType":"LogicalName","capabilities":{"pcfExternalServiceUsageAllowed":false}},{"componentName":"CustomControl","identifier":"cat_PowerCAT.Icon","identifierType":"LogicalName","capabilities":{"pcfExternalServiceUsageAllowed":false}},{"componentName":"CustomControl","identifier":"cat_PowerCAT.Picker","identifierType":"LogicalName","capabilities":{"pcfExternalServiceUsageAllowed":false}},{"componentName":"CustomControl","identifier":"cat_PowerCAT.Pivot","identifierType":"LogicalName","capabilities":{"pcfExternalServiceUsageAllowed":false}},{"componentName":"CustomControl","identifier":"cat_PowerCAT.Elevation","identifierType":"LogicalName","capabilities":{"pcfExternalServiceUsageAllowed":false}},{"componentName":"CustomControl","identifier":"cat_PowerCAT.TagList","identifierType":"LogicalName","capabilities":{"pcfExternalServiceUsageAllowed":false}},{"componentName":"CustomControl","identifier":"cat_PowerCAT.Pivot","identifierType":"LogicalName","capabilities":{"pcfExternalServiceUsageAllowed":false}},{"componentName":"CustomControl","identifier":"cat_PowerCAT.Elevation","identifierType":"LogicalName","capabilities":{"pcfExternalServiceUsageAllowed":false}},{"componentName":"CustomControl","identifier":"cat_PowerCAT.TagList","identifierType":"LogicalName","capabilities":{"pcfExternalServiceUsageAllowed":false}},{"componentName":"CustomControl","identifier":"cat_PowerCAT.Pivot","identifierType":"LogicalName","capabilities":{"pcfExternalServiceUsageAllowed":false}},{"componentName":"CustomControl","identifier":"cat_PowerCAT.Elevation","identifierType":"LogicalName","capabilities":{"pcfExternalServiceUsageAllowed":false}},{"componentName":"CustomControl","identifier":"cat_PowerCAT.FluentDetailsList","identifierType":"LogicalName","capabilities":{"pcfExternalServiceUsageAllowed":false}},{"componentName":"CustomControl","identifier":"cat_PowerCAT.Pivot","identifierType":"LogicalName","capabilities":{"pcfExternalServiceUsageAllowed":false}},{"componentName":"CustomControl","identifier":"cat_PowerCAT.Elevation","identifierType":"LogicalName","capabilities":{"pcfExternalServiceUsageAllowed":false}},{"componentName":"CustomControl","identifier":"cat_PowerCAT.FluentDetailsList","identifierType":"LogicalName","capabilities":{"pcfExternalServiceUsageAllowed":false}},{"componentName":"CustomControl","identifier":"cat_PowerCAT.Pivot","identifierType":"LogicalName","capabilities":{"pcfExternalServiceUsageAllowed":false}},{"componentName":"CustomControl","identifier":"cat_PowerCAT.Elevation","identifierType":"LogicalName","capabilities":{"pcfExternalServiceUsageAllowed":false}},{"componentName":"CustomControl","identifier":"cat_PowerCAT.FluentDetailsList","identifierType":"LogicalName","capabilities":{"pcfExternalServiceUsageAllowed":false}},{"componentName":"CustomControl","identifier":"cat_PowerCAT.Pivot","identifierType":"LogicalName","capabilities":{"pcfExternalServiceUsageAllowed":false}},{"componentName":"CustomControl","identifier":"cat_PowerCAT.Elevation","identifierType":"LogicalName","capabilities":{"pcfExternalServiceUsageAllowed":false}},{"componentName":"CustomControl","identifier":"cat_PowerCAT.CommandBar","identifierType":"LogicalName","capabilities":{"pcfExternalServiceUsageAllowed":false}},{"componentName":"CustomControl","identifier":"cat_PowerCAT.Icon","identifierType":"LogicalName","capabilities":{"pcfExternalServiceUsageAllowed":false}},{"componentName":"CustomControl","identifier":"cat_PowerCAT.FluentDetailsList","identifierType":"LogicalName","capabilities":{"pcfExternalServiceUsageAllowed":false}},{"componentName":"CustomControl","identifier":"cat_PowerCAT.Icon","identifierType":"LogicalName","capabilities":{"pcfExternalServiceUsageAllowed":false}},{"componentName":"CustomControl","identifier":"cat_PowerCAT.Icon","identifierType":"LogicalName","capabilities":{"pcfExternalServiceUsageAllowed":false}},{"componentName":"CustomControl","identifier":"cat_PowerCAT.Icon","identifierType":"LogicalName","capabilities":{"pcfExternalServiceUsageAllowed":false}},{"componentName":"CustomControl","identifier":"cat_PowerCAT.Pivot","identifierType":"LogicalName","capabilities":{"pcfExternalServiceUsageAllowed":false}},{"componentName":"CustomControl","identifier":"cat_PowerCAT.Breadcrumb","identifierType":"LogicalName","capabilities":{"pcfExternalServiceUsageAllowed":false}},{"componentName":"CustomControl","identifier":"cat_PowerCAT.Pivot","identifierType":"LogicalName","capabilities":{"pcfExternalServiceUsageAllowed":false}},{"componentName":"CustomControl","identifier":"cat_PowerCAT.ResizableTextarea","identifierType":"LogicalName","capabilities":{"pcfExternalServiceUsageAllowed":false}},{"componentName":"CustomControl","identifier":"cat_PowerCAT.KeyboardShortcuts","identifierType":"LogicalName","capabilities":{"pcfExternalServiceUsageAllowed":false}},{"componentName":"CustomControl","identifier":"cat_PowerCAT.ResizableTextarea","identifierType":"LogicalName","capabilities":{"pcfExternalServiceUsageAllowed":false}},{"componentName":"CustomControl","identifier":"cat_PowerCAT.ResizableTextarea","identifierType":"LogicalName","capabilities":{"pcfExternalServiceUsageAllowed":false}},{"componentName":"CustomControl","identifier":"cat_PowerCAT.Elevation","identifierType":"LogicalName","capabilities":{"pcfExternalServiceUsageAllowed":false}},{"componentName":"CustomControl","identifier":"cat_PowerCAT.Pivot","identifierType":"LogicalName","capabilities":{"pcfExternalServiceUsageAllowed":false}},{"componentName":"CustomControl","identifier":"cat_PowerCAT.Elevation","identifierType":"LogicalName","capabilities":{"pcfExternalServiceUsageAllowed":false}},{"componentName":"CustomControl","identifier":"cat_PowerCAT.AutoWidthLabel","identifierType":"LogicalName","capabilities":{"pcfExternalServiceUsageAllowed":false}},{"componentName":"CustomControl","identifier":"cat_PowerCAT.CommandBar","identifierType":"LogicalName","capabilities":{"pcfExternalServiceUsageAllowed":false}},{"componentName":"CustomControl","identifier":"cat_PowerCAT.ContextMenu","identifierType":"LogicalName","capabilities":{"pcfExternalServiceUsageAllowed":false}},{"componentName":"CustomControl","identifier":"cat_PowerCAT.FluentDetailsList","identifierType":"LogicalName","capabilities":{"pcfExternalServiceUsageAllowed":false}},{"componentName":"CustomControl","identifier":"cat_PowerCAT.Elevation","identifierType":"LogicalName","capabilities":{"pcfExternalServiceUsageAllowed":false}},{"componentName":"CustomControl","identifier":"cat_PowerCAT.Icon","identifierType":"LogicalName","capabilities":{"pcfExternalServiceUsageAllowed":false}},{"componentName":"CustomControl","identifier":"cat_PowerCAT.Nav","identifierType":"LogicalName","capabilities":{"pcfExternalServiceUsageAllowed":false}},{"componentName":"CustomControl","identifier":"cat_PowerCAT.Picker","identifierType":"LogicalName","capabilities":{"pcfExternalServiceUsageAllowed":false}},{"componentName":"CustomControl","identifier":"cat_PowerCAT.Pivot","identifierType":"LogicalName","capabilities":{"pcfExternalServiceUsageAllowed":false}},{"componentName":"CustomControl","identifier":"cat_PowerCAT.TagList","identifierType":"LogicalName","capabilities":{"pcfExternalServiceUsageAllowed":false}},{"componentName":"CustomControl","identifier":"cat_PowerCAT.KeyboardShortcuts","identifierType":"LogicalName","capabilities":{"pcfExternalServiceUsageAllowed":false}},{"componentName":"CustomControl","identifier":"cat_PowerCAT.ResizableTextarea","identifierType":"LogicalName","capabilities":{"pcfExternalServiceUsageAllowed":false}},{"componentName":"CustomControl","identifier":"cat_PowerCAT.Nav","identifierType":"LogicalName","capabilities":{"pcfExternalServiceUsageAllowed":false}},{"componentName":"CustomControl","identifier":"cat_PowerCAT.Elevation","identifierType":"LogicalName","capabilities":{"pcfExternalServiceUsageAllowed":false}},{"componentName":"CustomControl","identifier":"cat_PowerCAT.Elevation","identifierType":"LogicalName","capabilities":{"pcfExternalServiceUsageAllowed":false}},{"componentName":"CustomControl","identifier":"cat_PowerCAT.Elevation","identifierType":"LogicalName","capabilities":{"pcfExternalServiceUsageAllowed":false}},{"componentName":"CustomControl","identifier":"cat_PowerCAT.Elevation","identifierType":"LogicalName","capabilities":{"pcfExternalServiceUsageAllowed":false}},{"componentName":"CustomControl","identifier":"cat_PowerCAT.Elevation","identifierType":"LogicalName","capabilities":{"pcfExternalServiceUsageAllowed":false}},{"componentName":"CustomControl","identifier":"cat_PowerCAT.Elevation","identifierType":"LogicalName","capabilities":{"pcfExternalServiceUsageAllowed":false}},{"componentName":"CustomControl","identifier":"cat_PowerCAT.Elevation","identifierType":"LogicalName","capabilities":{"pcfExternalServiceUsageAllowed":false}},{"componentName":"CustomControl","identifier":"cat_PowerCAT.Elevation","identifierType":"LogicalName","capabilities":{"pcfExternalServiceUsageAllowed":false}},{"componentName":"CustomControl","identifier":"cat_PowerCAT.Elevation","identifierType":"LogicalName","capabilities":{"pcfExternalServiceUsageAllowed":false}},{"componentName":"CustomControl","identifier":"cat_PowerCAT.Elevation","identifierType":"LogicalName","capabilities":{"pcfExternalServiceUsageAllowed":false}},{"componentName":"CustomControl","identifier":"cat_PowerCAT.Elevation","identifierType":"LogicalName","capabilities":{"pcfExternalServiceUsageAllowed":false}},{"componentName":"CustomControl","identifier":"cat_PowerCAT.Elevation","identifierType":"LogicalName","capabilities":{"pcfExternalServiceUsageAllowed":false}},{"componentName":"CustomControl","identifier":"cat_PowerCAT.Elevation","identifierType":"LogicalName","capabilities":{"pcfExternalServiceUsageAllowed":false}},{"componentName":"CustomControl","identifier":"cat_PowerCAT.Elevation","identifierType":"LogicalName","capabilities":{"pcfExternalServiceUsageAllowed":false}},{"componentName":"CustomControl","identifier":"cat_PowerCAT.Elevation","identifierType":"LogicalName","capabilities":{"pcfExternalServiceUsageAllowed":false}},{"componentName":"CustomControl","identifier":"cat_PowerCAT.Pivot","identifierType":"LogicalName","capabilities":{"pcfExternalServiceUsageAllowed":false}},{"componentName":"CustomControl","identifier":"cat_PowerCAT.Elevation","identifierType":"LogicalName","capabilities":{"pcfExternalServiceUsageAllowed":false}},{"componentName":"CustomControl","identifier":"cat_PowerCAT.Pivot","identifierType":"LogicalName","capabilities":{"pcfExternalServiceUsageAllowed":false}},{"componentName":"CustomControl","identifier":"cat_PowerCAT.Elevation","identifierType":"LogicalName","capabilities":{"pcfExternalServiceUsageAllowed":false}},{"componentName":"CustomControl","identifier":"cat_PowerCAT.Pivot","identifierType":"LogicalName","capabilities":{"pcfExternalServiceUsageAllowed":false}},{"componentName":"CustomControl","identifier":"cat_PowerCAT.Elevation","identifierType":"LogicalName","capabilities":{"pcfExternalServiceUsageAllowed":false}},{"componentName":"CustomControl","identifier":"cat_PowerCAT.Pivot","identifierType":"LogicalName","capabilities":{"pcfExternalServiceUsageAllowed":false}}]}}</DatabaseReferences>
      <AppComponents>[]</AppComponents>
      <AppComponentDependencies>[{"appComponentName":"44e7951b1fad4ad98126f8c108dd1e9f","appName":"28694d00-d64e-408a-b310-7108215835bd","appComponentLibraryName":"81e5e6a9-c44c-4745-94af-8b1fdb4ee232","appComponentLibraryVersion":"2022-06-04T02:48:15Z","appComponentLibraryLogicalName":"cat_powercatcomponentlibrary_0be3a","environmentName":"439a778f-f966-4fad-b85c-706b1c34dcfa"},{"appComponentName":"174a744e6baa47b4857cec5814d6422e","appName":"28694d00-d64e-408a-b310-7108215835bd","appComponentLibraryName":"81e5e6a9-c44c-4745-94af-8b1fdb4ee232","appComponentLibraryVersion":"2022-06-04T02:48:15Z","appComponentLibraryLogicalName":"cat_powercatcomponentlibrary_0be3a","environmentName":"439a778f-f966-4fad-b85c-706b1c34dcfa"},{"appComponentName":"2e88179d732a402184a767c94eab038b","appName":"28694d00-d64e-408a-b310-7108215835bd","appComponentLibraryName":"81e5e6a9-c44c-4745-94af-8b1fdb4ee232","appComponentLibraryVersion":"2022-06-04T02:48:15Z","appComponentLibraryLogicalName":"cat_powercatcomponentlibrary_0be3a","environmentName":"439a778f-f966-4fad-b85c-706b1c34dcfa"},{"appComponentName":"6da4b2f929d240969e49e05e10e720ce","appName":"28694d00-d64e-408a-b310-7108215835bd","appComponentLibraryName":"81e5e6a9-c44c-4745-94af-8b1fdb4ee232","appComponentLibraryVersion":"2022-06-04T02:48:15Z","appComponentLibraryLogicalName":"cat_powercatcomponentlibrary_0be3a","environmentName":"439a778f-f966-4fad-b85c-706b1c34dcfa"},{"appComponentName":"33750a84e06043cbb776fbb640114aaf","appName":"28694d00-d64e-408a-b310-7108215835bd","appComponentLibraryName":"81e5e6a9-c44c-4745-94af-8b1fdb4ee232","appComponentLibraryVersion":"2022-06-04T02:48:15Z","appComponentLibraryLogicalName":"cat_powercatcomponentlibrary_0be3a","environmentName":"439a778f-f966-4fad-b85c-706b1c34dcfa"},{"appComponentName":"952d39d80fc84420b772a5058b19d909","appName":"28694d00-d64e-408a-b310-7108215835bd","appComponentLibraryName":"81e5e6a9-c44c-4745-94af-8b1fdb4ee232","appComponentLibraryVersion":"2022-06-04T02:48:15Z","appComponentLibraryLogicalName":"cat_powercatcomponentlibrary_0be3a","environmentName":"439a778f-f966-4fad-b85c-706b1c34dcfa"},{"appComponentName":"599bd02396dc426681a20784c48547f9","appName":"28694d00-d64e-408a-b310-7108215835bd","appComponentLibraryName":"81e5e6a9-c44c-4745-94af-8b1fdb4ee232","appComponentLibraryVersion":"2022-06-04T02:48:15Z","appComponentLibraryLogicalName":"cat_powercatcomponentlibrary_0be3a","environmentName":"439a778f-f966-4fad-b85c-706b1c34dcfa"}]</AppComponentDependencies>
      <CanConsumeAppPass>1</CanConsumeAppPass>
      <CanvasAppType>0</CanvasAppType>
      <BypassConsent>0</BypassConsent>
      <AdminControlBypassConsent>0</AdminControlBypassConsent>
      <EmbeddedApp xsi:nil="true"></EmbeddedApp>
      <IntroducedVersion>1.0</IntroducedVersion>
      <CdsDependencies>{"cdsdependencies":[{"logicalname":"account","componenttype":1},{"logicalname":"contact","componenttype":1},{"logicalname":"organization","componenttype":1},{"dependencyid":"","logicalname":"cat_PowerCAT.Pivot","componenttype":66,"componenttypeplatformname":"CustomControl"},{"dependencyid":"","logicalname":"cat_PowerCAT.CommandBar","componenttype":66,"componenttypeplatformname":"CustomControl"},{"dependencyid":"","logicalname":"cat_PowerCAT.Pivot","componenttype":66,"componenttypeplatformname":"CustomControl"},{"dependencyid":"","logicalname":"cat_PowerCAT.CommandBar","componenttype":66,"componenttypeplatformname":"CustomControl"},{"dependencyid":"","logicalname":"cat_PowerCAT.Pivot","componenttype":66,"componenttypeplatformname":"CustomControl"},{"dependencyid":"","logicalname":"cat_PowerCAT.CommandBar","componenttype":66,"componenttypeplatformname":"CustomControl"},{"dependencyid":"","logicalname":"cat_PowerCAT.Elevation","componenttype":66,"componenttypeplatformname":"CustomControl"},{"dependencyid":"","logicalname":"cat_PowerCAT.Elevation","componenttype":66,"componenttypeplatformname":"CustomControl"},{"dependencyid":"","logicalname":"cat_PowerCAT.Icon","componenttype":66,"componenttypeplatformname":"CustomControl"},{"dependencyid":"","logicalname":"cat_PowerCAT.Icon","componenttype":66,"componenttypeplatformname":"CustomControl"},{"dependencyid":"","logicalname":"cat_PowerCAT.Nav","componenttype":66,"componenttypeplatformname":"CustomControl"},{"dependencyid":"","logicalname":"cat_PowerCAT.Elevation","componenttype":66,"componenttypeplatformname":"CustomControl"},{"dependencyid":"","logicalname":"cat_PowerCAT.Pivot","componenttype":66,"componenttypeplatformname":"CustomControl"},{"dependencyid":"","logicalname":"cat_PowerCAT.Pivot","componenttype":66,"componenttypeplatformname":"CustomControl"},{"dependencyid":"","logicalname":"cat_PowerCAT.Pivot","componenttype":66,"componenttypeplatformname":"CustomControl"},{"dependencyid":"","logicalname":"cat_PowerCAT.Pivot","componenttype":66,"componenttypeplatformname":"CustomControl"},{"dependencyid":"","logicalname":"cat_PowerCAT.Pivot","componenttype":66,"componenttypeplatformname":"CustomControl"},{"dependencyid":"","logicalname":"cat_PowerCAT.Elevation","componenttype":66,"componenttypeplatformname":"CustomControl"},{"dependencyid":"","logicalname":"cat_PowerCAT.FluentDetailsList","componenttype":66,"componenttypeplatformname":"CustomControl"},{"dependencyid":"","logicalname":"cat_PowerCAT.Pivot","componenttype":66,"componenttypeplatformname":"CustomControl"},{"dependencyid":"","logicalname":"cat_PowerCAT.Pivot","componenttype":66,"componenttypeplatformname":"CustomControl"},{"dependencyid":"","logicalname":"cat_PowerCAT.CommandBar","componenttype":66,"componenttypeplatformname":"CustomControl"},{"dependencyid":"","logicalname":"cat_PowerCAT.Pivot","componenttype":66,"componenttypeplatformname":"CustomControl"},{"dependencyid":"","logicalname":"cat_PowerCAT.ResizableTextarea","componenttype":66,"componenttypeplatformname":"CustomControl"},{"dependencyid":"","logicalname":"cat_PowerCAT.Pivot","componenttype":66,"componenttypeplatformname":"CustomControl"},{"dependencyid":"","logicalname":"cat_PowerCAT.ResizableTextarea","componenttype":66,"componenttypeplatformname":"CustomControl"},{"dependencyid":"","logicalname":"cat_PowerCAT.ResizableTextarea","componenttype":66,"componenttypeplatformname":"CustomControl"},{"dependencyid":"","logicalname":"cat_PowerCAT.Pivot","componenttype":66,"componenttypeplatformname":"CustomControl"},{"dependencyid":"","logicalname":"cat_PowerCAT.AutoWidthLabel","componenttype":66,"componenttypeplatformname":"CustomControl"},{"dependencyid":"","logicalname":"cat_PowerCAT.Icon","componenttype":66,"componenttypeplatformname":"CustomControl"},{"dependencyid":"","logicalname":"cat_PowerCAT.Pivot","componenttype":66,"componenttypeplatformname":"CustomControl"},{"dependencyid":"","logicalname":"cat_PowerCAT.Icon","componenttype":66,"componenttypeplatformname":"CustomControl"},{"dependencyid":"","logicalname":"cat_PowerCAT.Icon","componenttype":66,"componenttypeplatformname":"CustomControl"},{"dependencyid":"","logicalname":"cat_PowerCAT.Icon","componenttype":66,"componenttypeplatformname":"CustomControl"},{"dependencyid":"","logicalname":"cat_PowerCAT.FluentDetailsList","componenttype":66,"componenttypeplatformname":"CustomControl"},{"dependencyid":"","logicalname":"cat_PowerCAT.Pivot","componenttype":66,"componenttypeplatformname":"CustomControl"},{"dependencyid":"","logicalname":"cat_PowerCAT.Icon","componenttype":66,"componenttypeplatformname":"CustomControl"},{"dependencyid":"","logicalname":"cat_PowerCAT.Icon","componenttype":66,"componenttypeplatformname":"CustomControl"},{"dependencyid":"","logicalname":"cat_PowerCAT.Icon","componenttype":66,"componenttypeplatformname":"CustomControl"},{"dependencyid":"","logicalname":"cat_PowerCAT.Icon","componenttype":66,"componenttypeplatformname":"CustomControl"},{"dependencyid":"","logicalname":"cat_PowerCAT.Pivot","componenttype":66,"componenttypeplatformname":"CustomControl"},{"dependencyid":"","logicalname":"cat_PowerCAT.Nav","componenttype":66,"componenttypeplatformname":"CustomControl"},{"dependencyid":"","logicalname":"cat_PowerCAT.Pivot","componenttype":66,"componenttypeplatformname":"CustomControl"},{"dependencyid":"","logicalname":"cat_PowerCAT.ContextMenu","componenttype":66,"componenttypeplatformname":"CustomControl"},{"dependencyid":"","logicalname":"cat_PowerCAT.ContextMenu","componenttype":66,"componenttypeplatformname":"CustomControl"},{"dependencyid":"","logicalname":"cat_PowerCAT.Pivot","componenttype":66,"componenttypeplatformname":"CustomControl"},{"dependencyid":"","logicalname":"cat_PowerCAT.Elevation","componenttype":66,"componenttypeplatformname":"CustomControl"},{"dependencyid":"","logicalname":"cat_PowerCAT.Pivot","componenttype":66,"componenttypeplatformname":"CustomControl"},{"dependencyid":"","logicalname":"cat_PowerCAT.Elevation","componenttype":66,"componenttypeplatformname":"CustomControl"},{"dependencyid":"","logicalname":"cat_PowerCAT.Icon","componenttype":66,"componenttypeplatformname":"CustomControl"},{"dependencyid":"","logicalname":"cat_PowerCAT.Elevation","componenttype":66,"componenttypeplatformname":"CustomControl"},{"dependencyid":"","logicalname":"cat_PowerCAT.AutoWidthLabel","componenttype":66,"componenttypeplatformname":"CustomControl"},{"dependencyid":"","logicalname":"cat_PowerCAT.Pivot","componenttype":66,"componenttypeplatformname":"CustomControl"},{"dependencyid":"","logicalname":"cat_PowerCAT.Elevation","componenttype":66,"componenttypeplatformname":"CustomControl"},{"dependencyid":"","logicalname":"cat_PowerCAT.CommandBar","componenttype":66,"componenttypeplatformname":"CustomControl"},{"dependencyid":"","logicalname":"cat_PowerCAT.Pivot","componenttype":66,"componenttypeplatformname":"CustomControl"},{"dependencyid":"","logicalname":"cat_PowerCAT.Icon","componenttype":66,"componenttypeplatformname":"CustomControl"},{"dependencyid":"","logicalname":"cat_PowerCAT.FluentDetailsList","componenttype":66,"componenttypeplatformname":"CustomControl"},{"dependencyid":"","logicalname":"cat_PowerCAT.Pivot","componenttype":66,"componenttypeplatformname":"CustomControl"},{"dependencyid":"","logicalname":"cat_PowerCAT.Elevation","componenttype":66,"componenttypeplatformname":"CustomControl"},{"dependencyid":"","logicalname":"cat_PowerCAT.Picker","componenttype":66,"componenttypeplatformname":"CustomControl"},{"dependencyid":"","logicalname":"cat_PowerCAT.CommandBar","componenttype":66,"componenttypeplatformname":"CustomControl"},{"dependencyid":"","logicalname":"cat_PowerCAT.FluentDetailsList","componenttype":66,"componenttypeplatformname":"CustomControl"},{"dependencyid":"","logicalname":"cat_PowerCAT.Pivot","componenttype":66,"componenttypeplatformname":"CustomControl"},{"dependencyid":"","logicalname":"cat_PowerCAT.Icon","componenttype":66,"componenttypeplatformname":"CustomControl"},{"dependencyid":"","logicalname":"cat_PowerCAT.Picker","componenttype":66,"componenttypeplatformname":"CustomControl"},{"dependencyid":"","logicalname":"cat_PowerCAT.Pivot","componenttype":66,"componenttypeplatformname":"CustomControl"},{"dependencyid":"","logicalname":"cat_PowerCAT.Elevation","componenttype":66,"componenttypeplatformname":"CustomControl"},{"dependencyid":"","logicalname":"cat_PowerCAT.TagList","componenttype":66,"componenttypeplatformname":"CustomControl"},{"dependencyid":"","logicalname":"cat_PowerCAT.Pivot","componenttype":66,"componenttypeplatformname":"CustomControl"},{"dependencyid":"","logicalname":"cat_PowerCAT.Elevation","componenttype":66,"componenttypeplatformname":"CustomControl"},{"dependencyid":"","logicalname":"cat_PowerCAT.TagList","componenttype":66,"componenttypeplatformname":"CustomControl"},{"dependencyid":"","logicalname":"cat_PowerCAT.Pivot","componenttype":66,"componenttypeplatformname":"CustomControl"},{"dependencyid":"","logicalname":"cat_PowerCAT.Elevation","componenttype":66,"componenttypeplatformname":"CustomControl"},{"dependencyid":"","logicalname":"cat_PowerCAT.FluentDetailsList","componenttype":66,"componenttypeplatformname":"CustomControl"},{"dependencyid":"","logicalname":"cat_PowerCAT.Pivot","componenttype":66,"componenttypeplatformname":"CustomControl"},{"dependencyid":"","logicalname":"cat_PowerCAT.Elevation","componenttype":66,"componenttypeplatformname":"CustomControl"},{"dependencyid":"","logicalname":"cat_PowerCAT.FluentDetailsList","componenttype":66,"componenttypeplatformname":"CustomControl"},{"dependencyid":"","logicalname":"cat_PowerCAT.Pivot","componenttype":66,"componenttypeplatformname":"CustomControl"},{"dependencyid":"","logicalname":"cat_PowerCAT.Elevation","componenttype":66,"componenttypeplatformname":"CustomControl"},{"dependencyid":"","logicalname":"cat_PowerCAT.FluentDetailsList","componenttype":66,"componenttypeplatformname":"CustomControl"},{"dependencyid":"","logicalname":"cat_PowerCAT.Pivot","componenttype":66,"componenttypeplatformname":"CustomControl"},{"dependencyid":"","logicalname":"cat_PowerCAT.Elevation","componenttype":66,"componenttypeplatformname":"CustomControl"},{"dependencyid":"","logicalname":"cat_PowerCAT.CommandBar","componenttype":66,"componenttypeplatformname":"CustomControl"},{"dependencyid":"","logicalname":"cat_PowerCAT.Icon","componenttype":66,"componenttypeplatformname":"CustomControl"},{"dependencyid":"","logicalname":"cat_PowerCAT.FluentDetailsList","componenttype":66,"componenttypeplatformname":"CustomControl"},{"dependencyid":"","logicalname":"cat_PowerCAT.Icon","componenttype":66,"componenttypeplatformname":"CustomControl"},{"dependencyid":"","logicalname":"cat_PowerCAT.Icon","componenttype":66,"componenttypeplatformname":"CustomControl"},{"dependencyid":"","logicalname":"cat_PowerCAT.Icon","componenttype":66,"componenttypeplatformname":"CustomControl"},{"dependencyid":"","logicalname":"cat_PowerCAT.Pivot","componenttype":66,"componenttypeplatformname":"CustomControl"},{"dependencyid":"","logicalname":"cat_PowerCAT.Breadcrumb","componenttype":66,"componenttypeplatformname":"CustomControl"},{"dependencyid":"","logicalname":"cat_PowerCAT.Pivot","componenttype":66,"componenttypeplatformname":"CustomControl"},{"dependencyid":"","logicalname":"cat_PowerCAT.ResizableTextarea","componenttype":66,"componenttypeplatformname":"CustomControl"},{"dependencyid":"","logicalname":"cat_PowerCAT.KeyboardShortcuts","componenttype":66,"componenttypeplatformname":"CustomControl"},{"dependencyid":"","logicalname":"cat_PowerCAT.ResizableTextarea","componenttype":66,"componenttypeplatformname":"CustomControl"},{"dependencyid":"","logicalname":"cat_PowerCAT.ResizableTextarea","componenttype":66,"componenttypeplatformname":"CustomControl"},{"dependencyid":"","logicalname":"cat_PowerCAT.Elevation","componenttype":66,"componenttypeplatformname":"CustomControl"},{"dependencyid":"","logicalname":"cat_PowerCAT.Pivot","componenttype":66,"componenttypeplatformname":"CustomControl"},{"dependencyid":"","logicalname":"cat_PowerCAT.Elevation","componenttype":66,"componenttypeplatformname":"CustomControl"},{"dependencyid":"","logicalname":"cat_PowerCAT.AutoWidthLabel","componenttype":66,"componenttypeplatformname":"CustomControl"},{"dependencyid":"","logicalname":"cat_PowerCAT.CommandBar","componenttype":66,"componenttypeplatformname":"CustomControl"},{"dependencyid":"","logicalname":"cat_PowerCAT.ContextMenu","componenttype":66,"componenttypeplatformname":"CustomControl"},{"dependencyid":"","logicalname":"cat_PowerCAT.FluentDetailsList","componenttype":66,"componenttypeplatformname":"CustomControl"},{"dependencyid":"","logicalname":"cat_PowerCAT.Elevation","componenttype":66,"componenttypeplatformname":"CustomControl"},{"dependencyid":"","logicalname":"cat_PowerCAT.Icon","componenttype":66,"componenttypeplatformname":"CustomControl"},{"dependencyid":"","logicalname":"cat_PowerCAT.Nav","componenttype":66,"componenttypeplatformname":"CustomControl"},{"dependencyid":"","logicalname":"cat_PowerCAT.Picker","componenttype":66,"componenttypeplatformname":"CustomControl"},{"dependencyid":"","logicalname":"cat_PowerCAT.Pivot","componenttype":66,"componenttypeplatformname":"CustomControl"},{"dependencyid":"","logicalname":"cat_PowerCAT.TagList","componenttype":66,"componenttypeplatformname":"CustomControl"},{"dependencyid":"","logicalname":"cat_PowerCAT.KeyboardShortcuts","componenttype":66,"componenttypeplatformname":"CustomControl"},{"dependencyid":"","logicalname":"cat_PowerCAT.ResizableTextarea","componenttype":66,"componenttypeplatformname":"CustomControl"},{"dependencyid":"","logicalname":"cat_PowerCAT.Nav","componenttype":66,"componenttypeplatformname":"CustomControl"},{"dependencyid":"","logicalname":"cat_PowerCAT.Elevation","componenttype":66,"componenttypeplatformname":"CustomControl"},{"dependencyid":"","logicalname":"cat_PowerCAT.Elevation","componenttype":66,"componenttypeplatformname":"CustomControl"},{"dependencyid":"","logicalname":"cat_PowerCAT.Elevation","componenttype":66,"componenttypeplatformname":"CustomControl"},{"dependencyid":"","logicalname":"cat_PowerCAT.Elevation","componenttype":66,"componenttypeplatformname":"CustomControl"},{"dependencyid":"","logicalname":"cat_PowerCAT.Elevation","componenttype":66,"componenttypeplatformname":"CustomControl"},{"dependencyid":"","logicalname":"cat_PowerCAT.Elevation","componenttype":66,"componenttypeplatformname":"CustomControl"},{"dependencyid":"","logicalname":"cat_PowerCAT.Elevation","componenttype":66,"componenttypeplatformname":"CustomControl"},{"dependencyid":"","logicalname":"cat_PowerCAT.Elevation","componenttype":66,"componenttypeplatformname":"CustomControl"},{"dependencyid":"","logicalname":"cat_PowerCAT.Elevation","componenttype":66,"componenttypeplatformname":"CustomControl"},{"dependencyid":"","logicalname":"cat_PowerCAT.Elevation","componenttype":66,"componenttypeplatformname":"CustomControl"},{"dependencyid":"","logicalname":"cat_PowerCAT.Elevation","componenttype":66,"componenttypeplatformname":"CustomControl"},{"dependencyid":"","logicalname":"cat_PowerCAT.Elevation","componenttype":66,"componenttypeplatformname":"CustomControl"},{"dependencyid":"","logicalname":"cat_PowerCAT.Elevation","componenttype":66,"componenttypeplatformname":"CustomControl"},{"dependencyid":"","logicalname":"cat_PowerCAT.Elevation","componenttype":66,"componenttypeplatformname":"CustomControl"},{"dependencyid":"","logicalname":"cat_PowerCAT.Elevation","componenttype":66,"componenttypeplatformname":"CustomControl"},{"dependencyid":"","logicalname":"cat_PowerCAT.Pivot","componenttype":66,"componenttypeplatformname":"CustomControl"},{"dependencyid":"","logicalname":"cat_PowerCAT.Elevation","componenttype":66,"componenttypeplatformname":"CustomControl"},{"dependencyid":"","logicalname":"cat_PowerCAT.Pivot","componenttype":66,"componenttypeplatformname":"CustomControl"},{"dependencyid":"","logicalname":"cat_PowerCAT.Elevation","componenttype":66,"componenttypeplatformname":"CustomControl"},{"dependencyid":"","logicalname":"cat_PowerCAT.Pivot","componenttype":66,"componenttypeplatformname":"CustomControl"},{"dependencyid":"","logicalname":"cat_PowerCAT.Elevation","componenttype":66,"componenttypeplatformname":"CustomControl"},{"dependencyid":"","logicalname":"cat_PowerCAT.Pivot","componenttype":66,"componenttypeplatformname":"CustomControl"},{"logicalname":"cat_powercatcomponentlibrary_0be3a","componenttype":300,"componenttypeplatformname":"CanvasApp"}]}</CdsDependencies>
      <IsCustomizable>1</IsCustomizable>
      <BackgroundImageUri>/CanvasApps/cat_creatorkitcontrolreferenceapp_d66f8_BackgroundImageUri</BackgroundImageUri>
      <DocumentUri>/CanvasApps/cat_creatorkitcontrolreferenceapp_d66f8_DocumentUri.msapp</DocumentUri>
    </CanvasApp>
    <CanvasApp>
      <Name>cat_custompagetemplate_231d0</Name>
      <AppVersion>2022-05-10T20:30:41Z</AppVersion>
      <Status>Ready</Status>
      <CreatedByClientVersion>3.22044.32.0</CreatedByClientVersion>
      <MinClientVersion>3.22044.32.0</MinClientVersion>
      <Tags>{"primaryDeviceWidth":"1366","primaryDeviceHeight":"768","sienaVersion":"20220508T113344Z-3.22043.27.0","deviceCapabilities":"","supportsPortrait":"true","supportsLandscape":"true","primaryFormFactor":"Tablet","publisherVersion":"3.22044.32","minimumRequiredApiVersion":"2.2.0","hasComponent":"true","hasUnlockedComponent":"true","isUnifiedRootApp":"false"}</Tags>
      <IsCdsUpgraded>0</IsCdsUpgraded>
      <GalleryItemId xsi:nil="true"></GalleryItemId>
      <BackgroundColor>RGBA(0,176,240,1)</BackgroundColor>
      <DisplayName>Custom Page Template</DisplayName>
      <Description xsi:nil="true"></Description>
      <CommitMessage xsi:nil="true"></CommitMessage>
      <Publisher></Publisher>
      <AuthorizationReferences>[]</AuthorizationReferences>
      <ConnectionReferences>{}</ConnectionReferences>
      <DatabaseReferences>{"default.cds":{"databaseDetails":{"referenceType":"Environmental","environmentName":"default.cds","overrideValues":{"status":"NotSpecified"}},"dataSources":{}}}</DatabaseReferences>
      <AppComponents>[]</AppComponents>
      <AppComponentDependencies>[]</AppComponentDependencies>
      <CanConsumeAppPass>1</CanConsumeAppPass>
      <CanvasAppType>2</CanvasAppType>
      <BypassConsent>0</BypassConsent>
      <AdminControlBypassConsent>0</AdminControlBypassConsent>
      <EmbeddedApp xsi:nil="true"></EmbeddedApp>
      <IntroducedVersion>1.0</IntroducedVersion>
      <CdsDependencies>{"cdsdependencies":[]}</CdsDependencies>
      <IsCustomizable>1</IsCustomizable>
      <BackgroundImageUri>/CanvasApps/cat_custompagetemplate_231d0_BackgroundImageUri</BackgroundImageUri>
      <DocumentUri>/CanvasApps/cat_custompagetemplate_231d0_DocumentUri.msapp</DocumentUri>
    </CanvasApp>
    <CanvasApp>
      <Name>cat_fluentthemedesigner_00e67</Name>
      <AppVersion>2022-06-01T20:02:27Z</AppVersion>
      <Status>Ready</Status>
      <CreatedByClientVersion>3.22052.27.0</CreatedByClientVersion>
      <MinClientVersion>3.22052.27.0</MinClientVersion>
      <Tags>{"primaryDeviceWidth":"1679","primaryDeviceHeight":"778","supportsPortrait":"true","supportsLandscape":"true","primaryFormFactor":"Tablet","publisherVersion":"3.22052.27","minimumRequiredApiVersion":"2.2.0","hasComponent":"true","hasUnlockedComponent":"false","isUnifiedRootApp":"false","sienaVersion":"20220517T153330Z-3.22051.27.0"}</Tags>
      <IsCdsUpgraded>0</IsCdsUpgraded>
      <GalleryItemId xsi:nil="true"></GalleryItemId>
      <BackgroundColor>rgba(0, 120, 212, 1)</BackgroundColor>
      <DisplayName>Fluent Theme Designer</DisplayName>
      <Description xsi:nil="true"></Description>
      <CommitMessage xsi:nil="true"></CommitMessage>
      <Publisher xsi:nil="true"></Publisher>
      <AuthorizationReferences>[]</AuthorizationReferences>
      <ConnectionReferences>{}</ConnectionReferences>
      <DatabaseReferences>{"default.cds":{"databaseDetails":{"referenceType":"Environmental","environmentName":"default.cds","overrideValues":{"status":"NotSpecified"}},"dataSources":{},"components":[{"componentName":"CustomControl","identifier":"cat_PowerCAT.ThemeDesigner","identifierType":"LogicalName","capabilities":{"pcfExternalServiceUsageAllowed":false}}]}}</DatabaseReferences>
      <AppComponents>[]</AppComponents>
      <AppComponentDependencies>[{"appComponentName":"6da4b2f929d240969e49e05e10e720ce","appName":"2f6b0e93-7676-4072-ab3d-0644915eb4ff","appComponentLibraryName":"81e5e6a9-c44c-4745-94af-8b1fdb4ee232","appComponentLibraryVersion":"2022-06-01T19:34:47Z","appComponentLibraryLogicalName":"cat_powercatcomponentlibrary_0be3a","environmentName":"439a778f-f966-4fad-b85c-706b1c34dcfa"}]</AppComponentDependencies>
      <CanConsumeAppPass>1</CanConsumeAppPass>
      <CanvasAppType>0</CanvasAppType>
      <BypassConsent>0</BypassConsent>
      <AdminControlBypassConsent>0</AdminControlBypassConsent>
      <EmbeddedApp xsi:nil="true"></EmbeddedApp>
      <IntroducedVersion>1.0</IntroducedVersion>
      <CdsDependencies>{"cdsdependencies":[{"dependencyid":"","logicalname":"cat_PowerCAT.ThemeDesigner","componenttype":66,"componenttypeplatformname":"CustomControl"},{"logicalname":"cat_powercatcomponentlibrary_0be3a","componenttype":300,"componenttypeplatformname":"CanvasApp"}]}</CdsDependencies>
      <IsCustomizable>1</IsCustomizable>
      <BackgroundImageUri>/CanvasApps/cat_fluentthemedesigner_00e67_BackgroundImageUri</BackgroundImageUri>
      <DocumentUri>/CanvasApps/cat_fluentthemedesigner_00e67_DocumentUri.msapp</DocumentUri>
    </CanvasApp>
    <CanvasApp>
      <Name>cat_powercatcomponentlibrary_0be3a</Name>
      <AppVersion>2022-06-04T02:48:15Z</AppVersion>
      <Status>Ready</Status>
      <CreatedByClientVersion>3.22053.15.0</CreatedByClientVersion>
      <MinClientVersion>3.22053.15.0</MinClientVersion>
      <Tags>{"primaryDeviceWidth":"640","primaryDeviceHeight":"1136","sienaVersion":"20220601T193447Z-3.22052.27.0","deviceCapabilities":"","supportsPortrait":"true","supportsLandscape":"true","primaryFormFactor":"Phone","publisherVersion":"3.22053.15","minimumRequiredApiVersion":"2.2.0","hasComponent":"true","hasUnlockedComponent":"true","isUnifiedRootApp":"false"}</Tags>
      <IsCdsUpgraded>0</IsCdsUpgraded>
      <GalleryItemId xsi:nil="true"></GalleryItemId>
      <BackgroundColor>rgba(50, 50, 50, 1)</BackgroundColor>
      <DisplayName>Power CAT Component Library</DisplayName>
      <Description xsi:nil="true"></Description>
      <CommitMessage xsi:nil="true"></CommitMessage>
      <Publisher></Publisher>
      <AuthorizationReferences>[]</AuthorizationReferences>
      <ConnectionReferences>{}</ConnectionReferences>
      <DatabaseReferences>{"default.cds":{"databaseDetails":{"referenceType":"Environmental","environmentName":"default.cds","overrideValues":{"status":"NotSpecified"}},"dataSources":{}}}</DatabaseReferences>
      <AppComponents>[{"appComponentName":"174a744e6baa47b4857cec5814d6422e","displayName":"Spinner","appName":"81e5e6a9-c44c-4745-94af-8b1fdb4ee232","appVersion":"2022-06-04T02:48:15Z","appComponentLibraryLogicalName":"cat_powercatcomponentlibrary_0be3a","appDisplayName":"Power CAT Component Library","environmentName":"439a778f-f966-4fad-b85c-706b1c34dcfa","owner":{"id":"43477104-f4aa-478a-93b9-c0daac406de0","displayName":"Megan Bowen","email":"MeganB@PPlatform.OnMicrosoft.com","type":"User","tenantId":"8a235459-3d2c-415d-8c1e-e2fe133509ad","userPrincipalName":"MeganB@PPlatform.OnMicrosoft.com"},"allowCustomization":true,"createdOn":"2021-09-21T20:07:56.791Z","lastModifiedOn":"2022-06-04T02:42:12.102Z","connectionReferences":{},"databaseReferences":{"default.cds":{"databaseDetails":{"referenceType":"NotSpecified","environmentName":"default.cds","overrideValues":{"status":"NotSpecified"}},"dataSources":{}}}},{"appComponentName":"952d39d80fc84420b772a5058b19d909","displayName":"ExpandMenu","appName":"81e5e6a9-c44c-4745-94af-8b1fdb4ee232","appVersion":"2022-06-04T02:48:15Z","appComponentLibraryLogicalName":"cat_powercatcomponentlibrary_0be3a","appDisplayName":"Power CAT Component Library","environmentName":"439a778f-f966-4fad-b85c-706b1c34dcfa","owner":{"id":"43477104-f4aa-478a-93b9-c0daac406de0","displayName":"Megan Bowen","email":"MeganB@PPlatform.OnMicrosoft.com","type":"User","tenantId":"8a235459-3d2c-415d-8c1e-e2fe133509ad","userPrincipalName":"MeganB@PPlatform.OnMicrosoft.com"},"allowCustomization":true,"createdOn":"2021-09-21T20:07:56.791Z","lastModifiedOn":"2022-06-04T02:42:12.102Z","connectionReferences":{},"databaseReferences":{"default.cds":{"databaseDetails":{"referenceType":"NotSpecified","environmentName":"default.cds","overrideValues":{"status":"NotSpecified"}},"dataSources":{}}}},{"appComponentName":"44e7951b1fad4ad98126f8c108dd1e9f","displayName":"Header","appName":"81e5e6a9-c44c-4745-94af-8b1fdb4ee232","appVersion":"2022-06-04T02:48:15Z","appComponentLibraryLogicalName":"cat_powercatcomponentlibrary_0be3a","appDisplayName":"Power CAT Component Library","environmentName":"439a778f-f966-4fad-b85c-706b1c34dcfa","owner":{"id":"43477104-f4aa-478a-93b9-c0daac406de0","displayName":"Megan Bowen","email":"MeganB@PPlatform.OnMicrosoft.com","type":"User","tenantId":"8a235459-3d2c-415d-8c1e-e2fe133509ad","userPrincipalName":"MeganB@PPlatform.OnMicrosoft.com"},"allowCustomization":true,"createdOn":"2021-09-21T20:07:56.791Z","lastModifiedOn":"2022-06-04T02:42:12.102Z","connectionReferences":{},"databaseReferences":{"default.cds":{"databaseDetails":{"referenceType":"NotSpecified","environmentName":"default.cds","overrideValues":{"status":"NotSpecified"}},"dataSources":{}}}},{"appComponentName":"2e88179d732a402184a767c94eab038b","displayName":"Dialog","appName":"81e5e6a9-c44c-4745-94af-8b1fdb4ee232","appVersion":"2022-06-04T02:48:15Z","appComponentLibraryLogicalName":"cat_powercatcomponentlibrary_0be3a","appDisplayName":"Power CAT Component Library","environmentName":"439a778f-f966-4fad-b85c-706b1c34dcfa","owner":{"id":"43477104-f4aa-478a-93b9-c0daac406de0","displayName":"Megan Bowen","email":"MeganB@PPlatform.OnMicrosoft.com","type":"User","tenantId":"8a235459-3d2c-415d-8c1e-e2fe133509ad","userPrincipalName":"MeganB@PPlatform.OnMicrosoft.com"},"allowCustomization":true,"createdOn":"2021-09-21T20:07:56.791Z","lastModifiedOn":"2022-06-04T02:42:12.102Z","connectionReferences":{},"databaseReferences":{"default.cds":{"databaseDetails":{"referenceType":"NotSpecified","environmentName":"default.cds","overrideValues":{"status":"NotSpecified"}},"dataSources":{}}}},{"appComponentName":"45ef3b58cba141ccb72325a8844e9634","displayName":"SearchBox","appName":"81e5e6a9-c44c-4745-94af-8b1fdb4ee232","appVersion":"2022-06-04T02:48:15Z","appComponentLibraryLogicalName":"cat_powercatcomponentlibrary_0be3a","appDisplayName":"Power CAT Component Library","environmentName":"439a778f-f966-4fad-b85c-706b1c34dcfa","owner":{"id":"43477104-f4aa-478a-93b9-c0daac406de0","displayName":"Megan Bowen","email":"MeganB@PPlatform.OnMicrosoft.com","type":"User","tenantId":"8a235459-3d2c-415d-8c1e-e2fe133509ad","userPrincipalName":"MeganB@PPlatform.OnMicrosoft.com"},"allowCustomization":true,"createdOn":"2021-09-21T20:07:56.791Z","lastModifiedOn":"2022-06-04T02:42:12.102Z","connectionReferences":{},"databaseReferences":{"default.cds":{"databaseDetails":{"referenceType":"NotSpecified","environmentName":"default.cds","overrideValues":{"status":"NotSpecified"}},"dataSources":{}}}},{"appComponentName":"599bd02396dc426681a20784c48547f9","displayName":"CustomIcon","appName":"81e5e6a9-c44c-4745-94af-8b1fdb4ee232","appVersion":"2022-06-04T02:48:15Z","appComponentLibraryLogicalName":"cat_powercatcomponentlibrary_0be3a","appDisplayName":"Power CAT Component Library","environmentName":"439a778f-f966-4fad-b85c-706b1c34dcfa","owner":{"id":"43477104-f4aa-478a-93b9-c0daac406de0","displayName":"Megan Bowen","email":"MeganB@PPlatform.OnMicrosoft.com","type":"User","tenantId":"8a235459-3d2c-415d-8c1e-e2fe133509ad","userPrincipalName":"MeganB@PPlatform.OnMicrosoft.com"},"allowCustomization":true,"createdOn":"2021-09-21T20:07:56.791Z","lastModifiedOn":"2022-06-04T02:42:12.102Z","connectionReferences":{},"databaseReferences":{"default.cds":{"databaseDetails":{"referenceType":"NotSpecified","environmentName":"default.cds","overrideValues":{"status":"NotSpecified"}},"dataSources":{}}}},{"appComponentName":"6da4b2f929d240969e49e05e10e720ce","displayName":"Panel","appName":"81e5e6a9-c44c-4745-94af-8b1fdb4ee232","appVersion":"2022-06-04T02:48:15Z","appComponentLibraryLogicalName":"cat_powercatcomponentlibrary_0be3a","appDisplayName":"Power CAT Component Library","environmentName":"439a778f-f966-4fad-b85c-706b1c34dcfa","owner":{"id":"43477104-f4aa-478a-93b9-c0daac406de0","displayName":"Megan Bowen","email":"MeganB@PPlatform.OnMicrosoft.com","type":"User","tenantId":"8a235459-3d2c-415d-8c1e-e2fe133509ad","userPrincipalName":"MeganB@PPlatform.OnMicrosoft.com"},"allowCustomization":true,"createdOn":"2021-09-21T20:07:56.791Z","lastModifiedOn":"2022-06-04T02:42:12.102Z","connectionReferences":{},"databaseReferences":{"default.cds":{"databaseDetails":{"referenceType":"NotSpecified","environmentName":"default.cds","overrideValues":{"status":"NotSpecified"}},"dataSources":{}}}},{"appComponentName":"33750a84e06043cbb776fbb640114aaf","displayName":"ProgressIndicator","appName":"81e5e6a9-c44c-4745-94af-8b1fdb4ee232","appVersion":"2022-06-04T02:48:15Z","appComponentLibraryLogicalName":"cat_powercatcomponentlibrary_0be3a","appDisplayName":"Power CAT Component Library","environmentName":"439a778f-f966-4fad-b85c-706b1c34dcfa","owner":{"id":"43477104-f4aa-478a-93b9-c0daac406de0","displayName":"Megan Bowen","email":"MeganB@PPlatform.OnMicrosoft.com","type":"User","tenantId":"8a235459-3d2c-415d-8c1e-e2fe133509ad","userPrincipalName":"MeganB@PPlatform.OnMicrosoft.com"},"allowCustomization":true,"createdOn":"2021-09-21T20:07:56.791Z","lastModifiedOn":"2022-06-04T02:42:12.102Z","connectionReferences":{},"databaseReferences":{"default.cds":{"databaseDetails":{"referenceType":"NotSpecified","environmentName":"default.cds","overrideValues":{"status":"NotSpecified"}},"dataSources":{}}}}]</AppComponents>
      <AppComponentDependencies>[]</AppComponentDependencies>
      <CanConsumeAppPass>1</CanConsumeAppPass>
      <CanvasAppType>1</CanvasAppType>
      <BypassConsent>0</BypassConsent>
      <AdminControlBypassConsent>0</AdminControlBypassConsent>
      <EmbeddedApp xsi:nil="true"></EmbeddedApp>
      <IntroducedVersion>1.0</IntroducedVersion>
      <CdsDependencies>{"cdsdependencies":[]}</CdsDependencies>
      <IsCustomizable>1</IsCustomizable>
      <BackgroundImageUri>/CanvasApps/cat_powercatcomponentlibrary_0be3a_BackgroundImageUri</BackgroundImageUri>
      <DocumentUri>/CanvasApps/cat_powercatcomponentlibrary_0be3a_DocumentUri.msapp</DocumentUri>
    </CanvasApp>
  </CanvasApps>
  <Languages>
    <Language>1033</Language>
  </Languages>
</ImportExportXml>