<manifest><control namespace="PowerCAT" constructor="AutoWidthLabel" version="0.0.20" display-name-key="AutoWidthLabel" description-key="AutoWidthLabel_Desc" control-type="standard" api-version="1.3.4"><property name="Text" display-name-key="Text" description-key="Text" of-type="SingleLine.Text" usage="bound" required="true" default-value="Text" /><property name="FontName" display-name-key="FontName" of-type="SingleLine.Text" usage="input" default-value="Segoe UI" /><property name="FontSize" display-name-key="FontSize" of-type="Decimal" usage="input" default-value="10.5" /><property name="FontSizeUnits" display-name-key="FontSizeUnits" of-type="Enum" usage="input" default-value="0"><value name="Pt" display-name-key="Pt">0</value><value name="Px" display-name-key="Px">1</value></property><property name="FontColor" display-name-key="FontColor" of-type="SingleLine.Text" usage="input" /><property name="FontWeight" display-name-key="FontWeight" of-type="SingleLine.Text" usage="input" /><property name="DisabledFontColor" display-name-key="DisabledFontColor" of-type="SingleLine.Text" usage="input" /><property name="DisabledFontWeight" display-name-key="DisabledFontWeight" of-type="SingleLine.Text" usage="input" /><property name="FocusFontColor" display-name-key="FocusFontColor" of-type="SingleLine.Text" usage="input" /><property name="FocusFontWeight" display-name-key="FocusFontWeight" of-type="SingleLine.Text" usage="input" /><property name="HoverFontColor" display-name-key="HoverFontColor" of-type="SingleLine.Text" usage="input" /><property name="HoverFontWeight" display-name-key="HoverFontWeight" of-type="SingleLine.Text" usage="input" /><property name="FillColor" display-name-key="FillColor" of-type="SingleLine.Text" usage="input" /><property name="DisabledFillColor" display-name-key="DisabledFillColor" of-type="SingleLine.Text" usage="input" /><property name="FocusFillColor" display-name-key="FocusFillColor" of-type="SingleLine.Text" usage="input" /><property name="HoverFillColor" display-name-key="HoverFillColor" of-type="SingleLine.Text" usage="input" /><property name="BorderColor" display-name-key="BorderColor" of-type="SingleLine.Text" usage="input" /><property name="BorderThickness" display-name-key="BorderThickness" of-type="Whole.None" usage="input" default-value="0" /><property name="BorderRadius" display-name-key="BorderRadius" of-type="Whole.None" usage="input" /><property name="DisabledBorderColor" display-name-key="DisabledBorderColor" of-type="SingleLine.Text" usage="input" /><property name="FocusBorderColor" display-name-key="FocusBorderColor" of-type="SingleLine.Text" usage="input" /><property name="FocusBorderThickness" display-name-key="FocusBorderThickness" of-type="Whole.None" usage="input" /><property name="HoverBorderColor" display-name-key="HoverBorderColor" of-type="SingleLine.Text" usage="input" /><property name="HoverBorderThickness" display-name-key="HoverBorderThickness" of-type="Whole.None" usage="input" /><property name="PaddingLeft" display-name-key="PaddingLeft" description-key="PaddingLeft_Desc" of-type="Whole.None" usage="input" default-value="0" /><property name="PaddingRight" display-name-key="PaddingRight" description-key="PaddingRight_Desc" of-type="Whole.None" usage="input" default-value="0" /><property name="PaddingTop" display-name-key="PaddingTop" description-key="PaddingTop_Desc" of-type="Whole.None" usage="input" default-value="0" /><property name="PaddingBottom" display-name-key="PaddingBottom" description-key="PaddingBottom_Desc" of-type="Whole.None" usage="input" default-value="0" /><property name="AutoWidth" display-name-key="AutoWidth" description-key="Auto Width" of-type="Whole.None" usage="output" required="true" /><resources><code path="bundle.js" order="1" /><resx path="strings/AutoWidthLabel.1033.resx" version="1.0.0" /><css path="css/AutoWidthLabel.css" order="1" /></resources><built-by name="pac" version="1.11.4" /></control></manifest>